{"cameraMode":{"drawMode":0,"name":"Shaded","section":"Shading Mode"},"sceneLighting":true,"audioPlay":false,"sceneViewState":{"showFog":true,"showMaterialUpdate":false,"showSkybox":true,"showFlares":true,"showImageEffects":true,"showParticleSystems":true},"in2DMode":false,"pivot":{"x":-0.124725341796875,"y":25.82857894897461,"z":0.0749664306640625},"rotation":{"x":-0.055461615324020389,"y":0.00508863665163517,"z":0.0002820933877956122,"w":0.9984575510025024},"size":12.43658447265625,"orthographic":false}